variant,degradation,level,seed,sample_accuracy,sample_macro_f1,sample_weighted_f1,sample_count,trial_accuracy,trial_macro_f1,trial_count
full,missing,0.0,0,0.9849695585996956,0.985035686967341,0.9850356869673412,26280,1.0,1.0,30
full,missing,0.1,0,0.9845890410958904,0.9846518623449754,0.9846518623449754,26280,1.0,1.0,30
full,missing,0.1,1,0.9849315068493151,0.9849910701212611,0.984991070121261,26280,1.0,1.0,30
full,missing,0.1,2,0.9845890410958904,0.9846532580479899,0.9846532580479899,26280,1.0,1.0,30
full,missing,0.2,0,0.984855403348554,0.9849038648906008,0.9849038648906009,26280,1.0,1.0,30
full,missing,0.2,1,0.9841704718417047,0.9842233441923257,0.9842233441923257,26280,1.0,1.0,30
full,missing,0.2,2,0.9850076103500761,0.9850592009477521,0.985059200947752,26280,1.0,1.0,30
full,missing,0.3,0,0.9839041095890411,0.9839461340641957,0.9839461340641957,26280,1.0,1.0,30
full,missing,0.3,1,0.9834855403348554,0.9835207688034086,0.9835207688034087,26280,1.0,1.0,30
full,missing,0.3,2,0.9835616438356164,0.9835929343604132,0.9835929343604132,26280,1.0,1.0,30
full,missing,0.4,0,0.9821917808219178,0.9822160371182289,0.9822160371182289,26280,1.0,1.0,30
full,missing,0.4,1,0.9826103500761035,0.9826175039899587,0.9826175039899585,26280,1.0,1.0,30
full,missing,0.4,2,0.9816590563165906,0.981665889715333,0.9816658897153328,26280,1.0,1.0,30
full,missing,0.5,0,0.9787290715372907,0.9787148990496075,0.9787148990496074,26280,1.0,1.0,30
full,missing,0.5,1,0.978234398782344,0.9782048418869594,0.9782048418869596,26280,1.0,1.0,30
full,missing,0.5,2,0.9792237442922375,0.9792051454133268,0.9792051454133269,26280,1.0,1.0,30
full,missing,0.6,0,0.9707382039573821,0.9706355298062833,0.9706355298062833,26280,1.0,1.0,30
full,missing,0.6,1,0.970509893455099,0.9704022670065797,0.9704022670065795,26280,1.0,1.0,30
full,missing,0.6,2,0.9711948249619482,0.9710982474557562,0.9710982474557561,26280,1.0,1.0,30
full,missing,0.7,0,0.9486301369863014,0.9481745636038399,0.94817456360384,26280,1.0,1.0,30
full,missing,0.7,1,0.950152207001522,0.9496194764538923,0.9496194764538923,26280,1.0,1.0,30
full,missing,0.7,2,0.952054794520548,0.9516793203316551,0.951679320331655,26280,1.0,1.0,30
full,noise,0.0,0,0.9849695585996956,0.985035686967341,0.9850356869673412,26280,1.0,1.0,30
full,noise,0.01,0,0.9840563165905631,0.9841344805210207,0.9841344805210208,26280,1.0,1.0,30
full,noise,0.01,1,0.9840182648401826,0.9840958073010311,0.9840958073010311,26280,1.0,1.0,30
full,noise,0.01,2,0.9843987823439878,0.9844683388277721,0.9844683388277718,26280,1.0,1.0,30
full,noise,0.02,0,0.9828767123287672,0.9829705205392505,0.9829705205392507,26280,1.0,1.0,30
full,noise,0.02,1,0.982496194824962,0.9825958736124767,0.9825958736124766,26280,1.0,1.0,30
full,noise,0.02,2,0.9831050228310503,0.9831940137703427,0.9831940137703427,26280,1.0,1.0,30
full,noise,0.05,0,0.9705479452054795,0.9709169759981208,0.9709169759981209,26280,1.0,1.0,30
full,noise,0.05,1,0.9708143074581431,0.971147656290437,0.9711476562904371,26280,1.0,1.0,30
full,noise,0.05,2,0.9712328767123287,0.9715855070048578,0.9715855070048578,26280,1.0,1.0,30
full,noise,0.08,0,0.928386605783866,0.928717115257994,0.9287171152579938,26280,0.9666666666666667,0.9657142857142856,30
full,noise,0.08,1,0.9296042617960426,0.9298492294440649,0.929849229444065,26280,0.9666666666666667,0.9657142857142856,30
full,noise,0.08,2,0.9283485540334856,0.9286313540816972,0.9286313540816971,26280,0.9666666666666667,0.9657142857142856,30
full,noise,0.1,0,0.8787671232876713,0.8693634054012908,0.8693634054012908,26280,0.9,0.8966666666666667,30
full,noise,0.1,1,0.8778158295281583,0.868118660029209,0.8681186600292091,26280,0.9,0.8966666666666667,30
full,noise,0.1,2,0.8787671232876713,0.8696112768254185,0.8696112768254185,26280,0.9,0.8966666666666667,30
full,clutter,0.0,0,0.9849695585996956,0.985035686967341,0.9850356869673412,26280,1.0,1.0,30
full,clutter,0.1,0,0.20273972602739726,0.1241098525756382,0.1241098525756382,26280,0.2,0.12,30
full,clutter,0.1,1,0.20410958904109588,0.12554296073200236,0.12554296073200236,26280,0.2,0.12,30
full,clutter,0.1,2,0.20372907153729072,0.12631361346508058,0.12631361346508058,26280,0.2,0.12,30
full,clutter,0.2,0,0.17165144596651447,0.10232534392457515,0.10232534392457514,26280,0.2,0.12,30
full,clutter,0.2,1,0.1715372907153729,0.10223407666345856,0.10223407666345856,26280,0.2,0.12,30
full,clutter,0.2,2,0.16948249619482497,0.1006928045788988,0.1006928045788988,26280,0.2,0.12,30
full,clutter,0.4,0,0.1184931506849315,0.04970658974180629,0.04970658974180629,26280,0.1,0.01818181818181818,30
full,clutter,0.4,1,0.1171613394216134,0.047765197961453676,0.047765197961453676,26280,0.1,0.01818181818181818,30
full,clutter,0.4,2,0.11727549467275494,0.047933308298143656,0.04793330829814366,26280,0.1,0.01818181818181818,30
full,clutter,0.6,0,0.1019406392694064,0.02202134237168482,0.02202134237168482,26280,0.1,0.01818181818181818,30
full,clutter,0.6,1,0.10171232876712329,0.02157716863048949,0.02157716863048949,26280,0.1,0.01818181818181818,30
full,clutter,0.6,2,0.10201674277016742,0.022168962602307864,0.022168962602307864,26280,0.1,0.01818181818181818,30
full,clutter,0.8,0,0.10011415525114155,0.01841175541234536,0.018411755412345358,26280,0.1,0.01818181818181818,30
full,clutter,0.8,1,0.10003805175038052,0.01825852171118979,0.01825852171118979,26280,0.1,0.01818181818181818,30
full,clutter,0.8,2,0.10011415525114155,0.01841175541234536,0.018411755412345358,26280,0.1,0.01818181818181818,30
no_motion,missing,0.0,0,0.9389649923896499,0.9377912850538568,0.937791285053857,26280,1.0,1.0,30
no_motion,missing,0.1,0,0.9385083713850837,0.937247261108768,0.937247261108768,26280,1.0,1.0,30
no_motion,missing,0.1,1,0.9383942161339421,0.9370716220562898,0.9370716220562898,26280,1.0,1.0,30
no_motion,missing,0.1,2,0.9385464231354642,0.9373082838006113,0.9373082838006112,26280,1.0,1.0,30
no_motion,missing,0.2,0,0.9371004566210046,0.9358518508071054,0.9358518508071054,26280,1.0,1.0,30
no_motion,missing,0.2,1,0.9374429223744293,0.936200158330198,0.9362001583301979,26280,1.0,1.0,30
no_motion,missing,0.2,2,0.9367199391171994,0.9354216178540549,0.935421617854055,26280,1.0,1.0,30
no_motion,missing,0.3,0,0.9337519025875191,0.9324578750022514,0.9324578750022514,26280,1.0,1.0,30
no_motion,missing,0.3,1,0.9345509893455098,0.9332431840150553,0.9332431840150552,26280,1.0,1.0,30
no_motion,missing,0.3,2,0.932572298325723,0.9311945000969917,0.9311945000969918,26280,1.0,1.0,30
no_motion,missing,0.4,0,0.9256468797564688,0.9241406445909464,0.9241406445909465,26280,1.0,1.0,30
no_motion,missing,0.4,1,0.9265981735159817,0.9253212207131056,0.9253212207131056,26280,1.0,1.0,30
no_motion,missing,0.4,2,0.9269025875190259,0.9256176035603367,0.9256176035603367,26280,1.0,1.0,30
no_motion,missing,0.5,0,0.9117199391171994,0.9100088040452394,0.9100088040452395,26280,1.0,1.0,30
no_motion,missing,0.5,1,0.9108066971080669,0.9091580763853873,0.9091580763853871,26280,1.0,1.0,30
no_motion,missing,0.5,2,0.911986301369863,0.9103610986436665,0.9103610986436667,26280,1.0,1.0,30
no_motion,missing,0.6,0,0.8872907153729072,0.883677521060217,0.8836775210602168,26280,0.9666666666666667,0.9657142857142856,30
no_motion,missing,0.6,1,0.8864916286149163,0.8829516192538562,0.8829516192538562,26280,0.9666666666666667,0.9657142857142856,30
no_motion,missing,0.6,2,0.886910197869102,0.8834773460899781,0.8834773460899781,26280,0.9666666666666667,0.9657142857142856,30
no_motion,missing,0.7,0,0.8453196347031964,0.8343943545963912,0.8343943545963911,26280,0.9,0.8666666666666668,30
no_motion,missing,0.7,1,0.8454337899543379,0.8340059979661165,0.8340059979661165,26280,0.9,0.8666666666666668,30
no_motion,missing,0.7,2,0.8460426179604261,0.8343845046576821,0.8343845046576822,26280,0.9,0.8666666666666668,30
no_motion,noise,0.0,0,0.9389649923896499,0.9377912850538568,0.937791285053857,26280,1.0,1.0,30
no_motion,noise,0.01,0,0.9371765601217656,0.9359498993347021,0.9359498993347023,26280,1.0,1.0,30
no_motion,noise,0.01,1,0.9374429223744293,0.9362160356197282,0.9362160356197283,26280,1.0,1.0,30
no_motion,noise,0.01,2,0.9371765601217656,0.9359822656709575,0.9359822656709578,26280,1.0,1.0,30
no_motion,noise,0.02,0,0.9330669710806697,0.9317553177766966,0.9317553177766966,26280,1.0,1.0,30
no_motion,noise,0.02,1,0.9335235920852359,0.9322613568565521,0.9322613568565521,26280,1.0,1.0,30
no_motion,noise,0.02,2,0.9332952815829528,0.9320890558080398,0.9320890558080398,26280,1.0,1.0,30
no_motion,noise,0.05,0,0.9079147640791476,0.9061746591919885,0.9061746591919884,26280,0.9666666666666667,0.9657142857142856,30
no_motion,noise,0.05,1,0.9074581430745814,0.9056557643236541,0.9056557643236539,26280,0.9666666666666667,0.9657142857142856,30
no_motion,noise,0.05,2,0.9073439878234398,0.9055520058571778,0.9055520058571779,26280,0.9666666666666667,0.9657142857142856,30
no_motion,noise,0.08,0,0.8535007610350076,0.845908633996659,0.8459086339966588,26280,0.9,0.8966666666666665,30
no_motion,noise,0.08,1,0.8535388127853881,0.8459216635292914,0.8459216635292913,26280,0.9,0.8966666666666665,30
no_motion,noise,0.08,2,0.8536149162861492,0.8461910854123561,0.846191085412356,26280,0.9,0.8966666666666665,30
no_motion,noise,0.1,0,0.8070395738203957,0.7827729191930658,0.7827729191930658,26280,0.8333333333333334,0.8045454545454545,30
no_motion,noise,0.1,1,0.8074961948249619,0.783315329018596,0.783315329018596,26280,0.8333333333333334,0.8045454545454545,30
no_motion,noise,0.1,2,0.8075342465753425,0.7838106649261685,0.7838106649261685,26280,0.8333333333333334,0.8045454545454545,30
no_motion,clutter,0.0,0,0.9389649923896499,0.9377912850538568,0.937791285053857,26280,1.0,1.0,30
no_motion,clutter,0.1,0,0.3493531202435312,0.21152795040692682,0.21152795040692682,26280,0.4,0.2507142857142857,30
no_motion,clutter,0.1,1,0.35133181126331814,0.21262091045547526,0.2126209104554753,26280,0.4,0.24454545454545454,30
no_motion,clutter,0.1,2,0.3507990867579909,0.21222666908681784,0.21222666908681787,26280,0.4,0.2507142857142857,30
no_motion,clutter,0.2,0,0.2610350076103501,0.14599781597731076,0.14599781597731076,26280,0.3,0.17857142857142855,30
no_motion,clutter,0.2,1,0.26183409436834093,0.14636562516258247,0.14636562516258247,26280,0.3,0.17857142857142855,30
no_motion,clutter,0.2,2,0.2614155251141553,0.1462220198198055,0.14622201981980548,26280,0.3,0.17857142857142855,30
no_motion,clutter,0.4,0,0.217351598173516,0.11026243934778217,0.11026243934778218,26280,0.2,0.08888888888888888,30
no_motion,clutter,0.4,1,0.21640030441400304,0.10876565835963048,0.10876565835963048,26280,0.2,0.08888888888888888,30
no_motion,clutter,0.4,2,0.21754185692541858,0.10967385693829002,0.10967385693829003,26280,0.2,0.08888888888888888,30
no_motion,clutter,0.6,0,0.20068493150684932,0.0923746369418623,0.0923746369418623,26280,0.2,0.08888888888888888,30
no_motion,clutter,0.6,1,0.20098934550989345,0.09387158562250891,0.09387158562250891,26280,0.2,0.08888888888888888,30
no_motion,clutter,0.6,2,0.20167427701674276,0.09457329193160686,0.09457329193160685,26280,0.2,0.08888888888888888,30
no_motion,clutter,0.8,0,0.19250380517503804,0.09370233786097065,0.09370233786097065,26280,0.2,0.10640394088669951,30
no_motion,clutter,0.8,1,0.19208523592085236,0.09346389491217509,0.09346389491217509,26280,0.2,0.10640394088669951,30
no_motion,clutter,0.8,2,0.19288432267884323,0.0944539154309055,0.0944539154309055,26280,0.2,0.10640394088669951,30
no_tcn,missing,0.0,0,0.8962709284627093,0.883690461050391,0.883690461050391,26280,0.9,0.8666666666666666,30
no_tcn,missing,0.1,0,0.897945205479452,0.8861346196324666,0.8861346196324666,26280,0.9333333333333333,0.925,30
no_tcn,missing,0.1,1,0.8975266362252664,0.8859511613207743,0.8859511613207743,26280,0.9333333333333333,0.925,30
no_tcn,missing,0.1,2,0.8982115677321156,0.8866679409199574,0.8866679409199574,26280,0.9333333333333333,0.925,30
no_tcn,missing,0.2,0,0.8996194824961948,0.8889933536577832,0.8889933536577832,26280,0.9333333333333333,0.925,30
no_tcn,missing,0.2,1,0.898972602739726,0.8882373866175579,0.8882373866175578,26280,0.9333333333333333,0.925,30
no_tcn,missing,0.2,2,0.8993911719939117,0.8887345576625683,0.8887345576625683,26280,0.9333333333333333,0.925,30
no_tcn,missing,0.3,0,0.9002663622526637,0.8908492836981434,0.8908492836981435,26280,0.9333333333333333,0.925,30
no_tcn,missing,0.3,1,0.9003044140030442,0.8907236473476731,0.890723647347673,26280,0.9333333333333333,0.925,30
no_tcn,missing,0.3,2,0.9001141552511416,0.890764648507394,0.8907646485073939,26280,0.9333333333333333,0.925,30
no_tcn,missing,0.4,0,0.900875190258752,0.8932395328326741,0.8932395328326743,26280,0.9333333333333333,0.925,30
no_tcn,missing,0.4,1,0.9009512937595129,0.8934254781835383,0.8934254781835381,26280,0.9333333333333333,0.925,30
no_tcn,missing,0.4,2,0.9014459665144596,0.8942360863421778,0.8942360863421774,26280,0.9333333333333333,0.925,30
no_tcn,missing,0.5,0,0.8994672754946728,0.8935975101783896,0.8935975101783896,26280,0.9333333333333333,0.925,30
no_tcn,missing,0.5,1,0.8992770167427702,0.8936215582830762,0.8936215582830762,26280,0.9333333333333333,0.925,30
no_tcn,missing,0.5,2,0.9003805175038052,0.894532208871853,0.894532208871853,26280,0.9333333333333333,0.925,30
no_tcn,missing,0.6,0,0.8920091324200913,0.88861965209174,0.88861965209174,26280,0.9666666666666667,0.9657142857142859,30
no_tcn,missing,0.6,1,0.8903348554033486,0.8868298804010722,0.8868298804010722,26280,0.9666666666666667,0.9657142857142859,30
no_tcn,missing,0.6,2,0.8929223744292237,0.8895044155324656,0.8895044155324656,26280,0.9666666666666667,0.9657142857142859,30
no_tcn,missing,0.7,0,0.8684931506849315,0.8670945460541842,0.8670945460541843,26280,0.9666666666666667,0.9657142857142859,30
no_tcn,missing,0.7,1,0.8708904109589041,0.8697329051560903,0.8697329051560903,26280,0.9666666666666667,0.9657142857142859,30
no_tcn,missing,0.7,2,0.8704718417047184,0.8692576953408029,0.8692576953408029,26280,0.9666666666666667,0.9657142857142859,30
no_tcn,noise,0.0,0,0.8962709284627093,0.883690461050391,0.883690461050391,26280,0.9,0.8666666666666666,30
no_tcn,noise,0.01,0,0.8947488584474886,0.88182863850119,0.8818286385011902,26280,0.9,0.8666666666666666,30
no_tcn,noise,0.01,1,0.8947869101978692,0.8819881266734176,0.8819881266734175,26280,0.9,0.8666666666666666,30
no_tcn,noise,0.01,2,0.8947869101978692,0.8817599184346594,0.8817599184346593,26280,0.9,0.8666666666666666,30
no_tcn,noise,0.02,0,0.891324200913242,0.877328473624382,0.8773284736243822,26280,0.9,0.8666666666666666,30
no_tcn,noise,0.02,1,0.8907534246575343,0.8765836888831684,0.8765836888831684,26280,0.9,0.8666666666666666,30
no_tcn,noise,0.02,2,0.8908675799086758,0.8768048048411913,0.8768048048411914,26280,0.9,0.8666666666666666,30
no_tcn,noise,0.05,0,0.8715753424657534,0.851685875250751,0.851685875250751,26280,0.9,0.8666666666666666,30
no_tcn,noise,0.05,1,0.8716514459665144,0.8511166129359176,0.8511166129359178,26280,0.9,0.8666666666666666,30
no_tcn,noise,0.05,2,0.8724885844748859,0.8522974245334124,0.8522974245334125,26280,0.9,0.8666666666666666,30
no_tcn,noise,0.08,0,0.8371004566210045,0.8096876962309537,0.8096876962309538,26280,0.8666666666666667,0.8400000000000001,30
no_tcn,noise,0.08,1,0.8376331811263318,0.8101199225517977,0.8101199225517977,26280,0.8666666666666667,0.8400000000000001,30
no_tcn,noise,0.08,2,0.836834094368341,0.8095090452950743,0.8095090452950743,26280,0.8666666666666667,0.8400000000000001,30
no_tcn,noise,0.1,0,0.8115296803652968,0.7793208867462136,0.7793208867462136,26280,0.8,0.75,30
no_tcn,noise,0.1,1,0.8106544901065449,0.7782073144667254,0.7782073144667254,26280,0.8,0.75,30
no_tcn,noise,0.1,2,0.8127853881278538,0.7808370391279982,0.7808370391279982,26280,0.8,0.75,30
no_tcn,clutter,0.0,0,0.8962709284627093,0.883690461050391,0.883690461050391,26280,0.9,0.8666666666666666,30
no_tcn,clutter,0.1,0,0.28599695585996954,0.17775973121076902,0.17775973121076902,26280,0.3,0.18181818181818182,30
no_tcn,clutter,0.1,1,0.28687214611872147,0.17883086107347723,0.1788308610734772,26280,0.3,0.18181818181818182,30
no_tcn,clutter,0.1,2,0.28573059360730596,0.17778887635194504,0.17778887635194504,26280,0.3,0.18181818181818182,30
no_tcn,clutter,0.2,0,0.24805936073059362,0.14390746641052732,0.14390746641052732,26280,0.3,0.18181818181818182,30
no_tcn,clutter,0.2,1,0.24851598173515982,0.14435032714839574,0.14435032714839574,26280,0.3,0.18181818181818182,30
no_tcn,clutter,0.2,2,0.2487062404870624,0.14470753586289806,0.14470753586289806,26280,0.3,0.18181818181818182,30
no_tcn,clutter,0.4,0,0.21407914764079147,0.0967182971702247,0.09671829717022472,26280,0.2,0.06857142857142857,30
no_tcn,clutter,0.4,1,0.2136605783866058,0.09595852845716304,0.09595852845716304,26280,0.2,0.06857142857142857,30
no_tcn,clutter,0.4,2,0.21358447488584476,0.095966779274441,0.09596677927444099,26280,0.2,0.06857142857142857,30
no_tcn,clutter,0.6,0,0.20273972602739726,0.07423344505185964,0.07423344505185964,26280,0.2,0.06666666666666667,30
no_tcn,clutter,0.6,1,0.20273972602739726,0.07421778095544285,0.07421778095544285,26280,0.2,0.06666666666666667,30
no_tcn,clutter,0.6,2,0.20277777777777778,0.07427268636147606,0.07427268636147606,26280,0.2,0.06666666666666667,30
no_tcn,clutter,0.8,0,0.20019025875190258,0.0679292815818138,0.06792928158181379,26280,0.2,0.06666666666666667,30
no_tcn,clutter,0.8,1,0.20034246575342465,0.06824978060437534,0.06824978060437534,26280,0.2,0.06666666666666667,30
no_tcn,clutter,0.8,2,0.20038051750380517,0.06836110130010128,0.06836110130010126,26280,0.2,0.06666666666666667,30
no_transformer,missing,0.0,0,0.8829908675799086,0.8674996257170052,0.8674996257170053,26280,0.9,0.8666666666666666,30
no_transformer,missing,0.1,0,0.8821537290715373,0.8675634714458912,0.8675634714458913,26280,0.9,0.8666666666666666,30
no_transformer,missing,0.1,1,0.882572298325723,0.8682276552658689,0.8682276552658689,26280,0.9,0.8666666666666666,30
no_transformer,missing,0.1,2,0.8828767123287671,0.8683928879913724,0.8683928879913725,26280,0.9,0.8666666666666666,30
no_transformer,missing,0.2,0,0.883675799086758,0.8702337848050543,0.8702337848050542,26280,0.9,0.8666666666666666,30
no_transformer,missing,0.2,1,0.8839421613394216,0.8704776969575917,0.8704776969575915,26280,0.9,0.8666666666666666,30
no_transformer,missing,0.2,2,0.8834094368340943,0.870067518450538,0.8700675184505381,26280,0.9,0.8666666666666666,30
no_transformer,missing,0.3,0,0.8843607305936073,0.8721025474656962,0.8721025474656964,26280,0.9,0.8666666666666666,30
no_transformer,missing,0.3,1,0.8840943683409437,0.8717710561942745,0.8717710561942745,26280,0.9,0.8666666666666666,30
no_transformer,missing,0.3,2,0.8837138508371385,0.8714807022886116,0.8714807022886116,26280,0.9,0.8666666666666666,30
no_transformer,missing,0.4,0,0.8845890410958904,0.873914684403829,0.873914684403829,26280,0.9,0.8666666666666666,30
no_transformer,missing,0.4,1,0.8852359208523592,0.874558194708148,0.8745581947081479,26280,0.9,0.8666666666666666,30
no_transformer,missing,0.4,2,0.8850076103500761,0.8743261578559075,0.8743261578559075,26280,0.9,0.8666666666666666,30
no_transformer,missing,0.5,0,0.8856164383561644,0.8770240017560612,0.877024001756061,26280,0.9,0.8666666666666666,30
no_transformer,missing,0.5,1,0.8854261796042618,0.8766170222982149,0.8766170222982148,26280,0.9,0.8666666666666666,30
no_transformer,missing,0.5,2,0.8865677321156773,0.8777895207879418,0.8777895207879419,26280,0.9,0.8666666666666666,30
no_transformer,missing,0.6,0,0.8874048706240487,0.8811059461703538,0.8811059461703539,26280,0.9333333333333333,0.925,30
no_transformer,missing,0.6,1,0.8877473363774734,0.8816494745259981,0.8816494745259982,26280,0.9333333333333333,0.925,30
no_transformer,missing,0.6,2,0.8867579908675799,0.880537466912708,0.8805374669127078,26280,0.9333333333333333,0.925,30
no_transformer,missing,0.7,0,0.8890030441400304,0.885835441187902,0.8858354411879019,26280,0.9666666666666667,0.9657142857142856,30
no_transformer,missing,0.7,1,0.8909056316590563,0.8877782785231488,0.887778278523149,26280,0.9666666666666667,0.9657142857142856,30
no_transformer,missing,0.7,2,0.8895738203957382,0.8864116658990744,0.8864116658990745,26280,0.9666666666666667,0.9657142857142856,30
no_transformer,noise,0.0,0,0.8829908675799086,0.8674996257170052,0.8674996257170053,26280,0.9,0.8666666666666666,30
no_transformer,noise,0.01,0,0.8834474885844749,0.8677351868565862,0.8677351868565862,26280,0.9,0.8666666666666666,30
no_transformer,noise,0.01,1,0.8830289193302892,0.8671770282304511,0.8671770282304511,26280,0.9,0.8666666666666666,30
no_transformer,noise,0.01,2,0.8829908675799086,0.8671307562981039,0.867130756298104,26280,0.9,0.8666666666666666,30
no_transformer,noise,0.02,0,0.8824581430745815,0.8656395112757884,0.8656395112757885,26280,0.9,0.8666666666666666,30
no_transformer,noise,0.02,1,0.882724505327245,0.8662148930479423,0.8662148930479424,26280,0.9,0.8666666666666666,30
no_transformer,noise,0.02,2,0.8828386605783866,0.8663043043324452,0.8663043043324453,26280,0.9,0.8666666666666666,30
no_transformer,noise,0.05,0,0.8748477929984779,0.8528297736184351,0.852829773618435,26280,0.9,0.8666666666666666,30
no_transformer,noise,0.05,1,0.8754946727549467,0.8544561413327811,0.8544561413327811,26280,0.9,0.8666666666666666,30
no_transformer,noise,0.05,2,0.8751902587519026,0.8534208496331676,0.8534208496331676,26280,0.9,0.8666666666666666,30
no_transformer,noise,0.08,0,0.8579528158295282,0.8308185319668672,0.8308185319668674,26280,0.9,0.8666666666666666,30
no_transformer,noise,0.08,1,0.8576864535768646,0.8305845798878757,0.8305845798878758,26280,0.9,0.8666666666666666,30
no_transformer,noise,0.08,2,0.8581811263318113,0.8312330950352793,0.8312330950352794,26280,0.9,0.8666666666666666,30
no_transformer,noise,0.1,0,0.8350076103500761,0.802439162038468,0.802439162038468,26280,0.8666666666666667,0.8323809523809522,30
no_transformer,noise,0.1,1,0.8352739726027397,0.80285150691642,0.80285150691642,26280,0.9,0.8666666666666666,30
no_transformer,noise,0.1,2,0.8354642313546423,0.8030156367137105,0.8030156367137105,26280,0.9,0.8666666666666666,30
no_transformer,clutter,0.0,0,0.8829908675799086,0.8674996257170052,0.8674996257170053,26280,0.9,0.8666666666666666,30
no_transformer,clutter,0.1,0,0.23158295281582952,0.19352584790454525,0.19352584790454525,26280,0.2,0.12,30
no_transformer,clutter,0.1,1,0.23340943683409437,0.19587951102356735,0.19587951102356735,26280,0.2,0.12,30
no_transformer,clutter,0.1,2,0.2330669710806697,0.19586090172693815,0.19586090172693818,26280,0.2,0.12,30
no_transformer,clutter,0.2,0,0.13660578386605784,0.07254502329568703,0.07254502329568703,26280,0.1,0.01818181818181818,30
no_transformer,clutter,0.2,1,0.1356544901065449,0.07146217625897403,0.07146217625897403,26280,0.1,0.01818181818181818,30
no_transformer,clutter,0.2,2,0.13668188736681888,0.07290648304343687,0.07290648304343687,26280,0.1,0.01818181818181818,30
no_transformer,clutter,0.4,0,0.10117960426179605,0.020533040351939206,0.02053304035193921,26280,0.1,0.01818181818181818,30
no_transformer,clutter,0.4,1,0.10125570776255707,0.02068286797756922,0.020682867977569217,26280,0.1,0.01818181818181818,30
no_transformer,clutter,0.4,2,0.10110350076103501,0.020382989239765052,0.020382989239765052,26280,0.1,0.01818181818181818,30
no_transformer,clutter,0.6,0,0.1,0.01818181818181818,0.01818181818181818,26280,0.1,0.01818181818181818,30
no_transformer,clutter,0.6,1,0.1,0.01818181818181818,0.01818181818181818,26280,0.1,0.01818181818181818,30
no_transformer,clutter,0.6,2,0.1,0.01818181818181818,0.01818181818181818,26280,0.1,0.01818181818181818,30
no_transformer,clutter,0.8,0,0.1,0.01818181818181818,0.01818181818181818,26280,0.1,0.01818181818181818,30
no_transformer,clutter,0.8,1,0.1,0.01818181818181818,0.01818181818181818,26280,0.1,0.01818181818181818,30
no_transformer,clutter,0.8,2,0.1,0.01818181818181818,0.01818181818181818,26280,0.1,0.01818181818181818,30
no_attention_pool,missing,0.0,0,0.9603500761035008,0.9597674556753683,0.9597674556753683,26280,1.0,1.0,30
no_attention_pool,missing,0.1,0,0.9632420091324201,0.9627983650585683,0.9627983650585686,26280,1.0,1.0,30
no_attention_pool,missing,0.1,1,0.9633181126331811,0.9628776357917905,0.9628776357917903,26280,1.0,1.0,30
no_attention_pool,missing,0.1,2,0.9627473363774733,0.9622853396269824,0.9622853396269826,26280,1.0,1.0,30
no_attention_pool,missing,0.2,0,0.9648401826484019,0.9644360580256123,0.9644360580256124,26280,1.0,1.0,30
no_attention_pool,missing,0.2,1,0.9659817351598173,0.9656058941894768,0.9656058941894768,26280,1.0,1.0,30
no_attention_pool,missing,0.2,2,0.965372907153729,0.9649925212570729,0.9649925212570727,26280,1.0,1.0,30
no_attention_pool,missing,0.3,0,0.9678462709284628,0.967512690226745,0.967512690226745,26280,1.0,1.0,30
no_attention_pool,missing,0.3,1,0.9680365296803652,0.9676975921843558,0.9676975921843558,26280,1.0,1.0,30
no_attention_pool,missing,0.3,2,0.9682648401826484,0.9679653346931738,0.9679653346931737,26280,1.0,1.0,30
no_attention_pool,missing,0.4,0,0.9710426179604261,0.9707627574124222,0.9707627574124222,26280,1.0,1.0,30
no_attention_pool,missing,0.4,1,0.9716514459665144,0.9713900275655177,0.9713900275655176,26280,1.0,1.0,30
no_attention_pool,missing,0.4,2,0.9708904109589042,0.9706206885094749,0.9706206885094749,26280,1.0,1.0,30
no_attention_pool,missing,0.5,0,0.9734398782343988,0.9732235470202302,0.97322354702023,26280,1.0,1.0,30
no_attention_pool,missing,0.5,1,0.9733637747336378,0.9731816330020179,0.973181633002018,26280,1.0,1.0,30
no_attention_pool,missing,0.5,2,0.9732876712328767,0.9730848741185086,0.9730848741185086,26280,1.0,1.0,30
no_attention_pool,missing,0.6,0,0.972869101978691,0.9728032679555554,0.9728032679555554,26280,1.0,1.0,30
no_attention_pool,missing,0.6,1,0.9737823439878235,0.9737270124756044,0.9737270124756043,26280,1.0,1.0,30
no_attention_pool,missing,0.6,2,0.9730213089802131,0.9729689795288132,0.9729689795288133,26280,1.0,1.0,30
no_attention_pool,missing,0.7,0,0.9569254185692542,0.9570764040972003,0.9570764040972004,26280,1.0,1.0,30
no_attention_pool,missing,0.7,1,0.9590943683409436,0.9592467044597637,0.9592467044597636,26280,1.0,1.0,30
no_attention_pool,missing,0.7,2,0.959779299847793,0.9599384718832805,0.9599384718832804,26280,1.0,1.0,30
no_attention_pool,noise,0.0,0,0.9603500761035008,0.9597674556753683,0.9597674556753683,26280,1.0,1.0,30
no_attention_pool,noise,0.01,0,0.9588660578386605,0.9582658759812105,0.9582658759812107,26280,1.0,1.0,30
no_attention_pool,noise,0.01,1,0.9586377473363775,0.9580691838626165,0.9580691838626166,26280,1.0,1.0,30
no_attention_pool,noise,0.01,2,0.9588660578386605,0.9582711944740572,0.9582711944740571,26280,1.0,1.0,30
no_attention_pool,noise,0.02,0,0.9548706240487063,0.9542599964959765,0.9542599964959763,26280,1.0,1.0,30
no_attention_pool,noise,0.02,1,0.9548325722983257,0.9542364260577687,0.9542364260577687,26280,1.0,1.0,30
no_attention_pool,noise,0.02,2,0.955289193302892,0.9546645172629249,0.9546645172629249,26280,1.0,1.0,30
no_attention_pool,noise,0.05,0,0.9257990867579908,0.9253202591333111,0.925320259133311,26280,0.9666666666666667,0.9657142857142856,30
no_attention_pool,noise,0.05,1,0.9253424657534246,0.9246623348227192,0.9246623348227193,26280,0.9666666666666667,0.9657142857142856,30
no_attention_pool,noise,0.05,2,0.9257229832572298,0.925128005945154,0.925128005945154,26280,0.9666666666666667,0.9657142857142856,30
no_attention_pool,noise,0.08,0,0.8637366818873669,0.8594025275653951,0.859402527565395,26280,0.9,0.8966666666666667,30
no_attention_pool,noise,0.08,1,0.8630517503805175,0.8585258362310677,0.8585258362310676,26280,0.9,0.8966666666666667,30
no_attention_pool,noise,0.08,2,0.8655631659056316,0.8615960874970419,0.8615960874970421,26280,0.9,0.8966666666666667,30
no_attention_pool,noise,0.1,0,0.8140030441400304,0.7946597416952522,0.7946597416952522,26280,0.8666666666666667,0.86,30
no_attention_pool,noise,0.1,1,0.8135464231354642,0.7939976543079497,0.7939976543079497,26280,0.8666666666666667,0.86,30
no_attention_pool,noise,0.1,2,0.8128234398782344,0.7929906427787545,0.7929906427787545,26280,0.8666666666666667,0.86,30
no_attention_pool,clutter,0.0,0,0.9603500761035008,0.9597674556753683,0.9597674556753683,26280,1.0,1.0,30
no_attention_pool,clutter,0.1,0,0.2863394216133942,0.19873146443860526,0.19873146443860526,26280,0.3,0.22222222222222224,30
no_attention_pool,clutter,0.1,1,0.28751902587519024,0.1998571630414022,0.19985716304140222,26280,0.3,0.22222222222222224,30
no_attention_pool,clutter,0.1,2,0.28698630136986303,0.19925719579731,0.19925719579730997,26280,0.3,0.22222222222222224,30
no_attention_pool,clutter,0.2,0,0.24771689497716895,0.15631450725808274,0.1563145072580827,26280,0.26666666666666666,0.18793650793650793,30
no_attention_pool,clutter,0.2,1,0.24805936073059362,0.1566141642576672,0.1566141642576672,26280,0.26666666666666666,0.18793650793650793,30
no_attention_pool,clutter,0.2,2,0.24965753424657533,0.15819304176547364,0.15819304176547364,26280,0.26666666666666666,0.18793650793650793,30
no_attention_pool,clutter,0.4,0,0.22313546423135464,0.11964684934300321,0.1196468493430032,26280,0.2,0.08307692307692308,30
no_attention_pool,clutter,0.4,1,0.22309741248097412,0.11934762561044458,0.1193476256104446,26280,0.2,0.08307692307692308,30
no_attention_pool,clutter,0.4,2,0.22294520547945204,0.11929994346148724,0.11929994346148724,26280,0.2,0.08307692307692308,30
no_attention_pool,clutter,0.6,0,0.21815068493150686,0.10884999030051734,0.10884999030051734,26280,0.2,0.07854545454545454,30
no_attention_pool,clutter,0.6,1,0.21754185692541858,0.10780244477567243,0.10780244477567245,26280,0.2,0.07854545454545454,30
no_attention_pool,clutter,0.6,2,0.21845509893455098,0.10954681956317139,0.10954681956317139,26280,0.2,0.07854545454545454,30
no_attention_pool,clutter,0.8,0,0.21617199391171993,0.10254854694899225,0.10254854694899224,26280,0.2,0.075,30
no_attention_pool,clutter,0.8,1,0.21514459665144597,0.10114031894495017,0.10114031894495017,26280,0.2,0.075,30
no_attention_pool,clutter,0.8,2,0.21601978691019788,0.10232746790855052,0.1023274679085505,26280,0.2,0.075,30
no_raw_stats,missing,0.0,0,0.9332952815829528,0.9299708118876714,0.9299708118876715,26280,0.9666666666666667,0.9657142857142856,30
no_raw_stats,missing,0.1,0,0.9353881278538813,0.932468634934233,0.9324686349342329,26280,0.9666666666666667,0.9657142857142856,30
no_raw_stats,missing,0.1,1,0.935882800608828,0.9330006437201595,0.9330006437201595,26280,0.9666666666666667,0.9657142857142856,30
no_raw_stats,missing,0.1,2,0.9366818873668189,0.9338580241100255,0.9338580241100255,26280,0.9666666666666667,0.9657142857142856,30
no_raw_stats,missing,0.2,0,0.9369482496194825,0.9343969768001953,0.9343969768001954,26280,0.9666666666666667,0.9657142857142856,30
no_raw_stats,missing,0.2,1,0.9366057838660579,0.9339651111296365,0.9339651111296365,26280,0.9666666666666667,0.9657142857142856,30
no_raw_stats,missing,0.2,2,0.9371385083713851,0.9345921294581909,0.9345921294581913,26280,0.9666666666666667,0.9657142857142856,30
no_raw_stats,missing,0.3,0,0.9372907153729072,0.9351111060544826,0.9351111060544827,26280,0.9666666666666667,0.9657142857142856,30
no_raw_stats,missing,0.3,1,0.9371385083713851,0.9349678729058457,0.9349678729058455,26280,0.9666666666666667,0.9657142857142856,30
no_raw_stats,missing,0.3,2,0.9378234398782344,0.935707892203515,0.9357078922035151,26280,0.9666666666666667,0.9657142857142856,30
no_raw_stats,missing,0.4,0,0.9359969558599696,0.9342955905257864,0.9342955905257864,26280,0.9666666666666667,0.9657142857142856,30
no_raw_stats,missing,0.4,1,0.9360350076103501,0.9343641959406576,0.9343641959406574,26280,0.9666666666666667,0.9657142857142856,30
no_raw_stats,missing,0.4,2,0.935882800608828,0.9342369270099354,0.9342369270099354,26280,0.9666666666666667,0.9657142857142856,30
no_raw_stats,missing,0.5,0,0.9286149162861491,0.9278371759451527,0.9278371759451528,26280,0.9666666666666667,0.9657142857142856,30
no_raw_stats,missing,0.5,1,0.9283105022831051,0.9275814184070436,0.9275814184070437,26280,0.9666666666666667,0.9657142857142856,30
no_raw_stats,missing,0.5,2,0.9285007610350076,0.9277444963491703,0.9277444963491704,26280,0.9666666666666667,0.9657142857142856,30
no_raw_stats,missing,0.6,0,0.9056697108066971,0.9064602582298799,0.9064602582298801,26280,1.0,1.0,30
no_raw_stats,missing,0.6,1,0.9060121765601218,0.9068193459340238,0.9068193459340238,26280,1.0,1.0,30
no_raw_stats,missing,0.6,2,0.9066210045662101,0.9073497526247811,0.9073497526247815,26280,1.0,1.0,30
no_raw_stats,missing,0.7,0,0.8445205479452055,0.8472265713974482,0.8472265713974482,26280,0.9666666666666667,0.9657142857142856,30
no_raw_stats,missing,0.7,1,0.8461567732115677,0.848778207720347,0.848778207720347,26280,0.9666666666666667,0.9657142857142856,30
no_raw_stats,missing,0.7,2,0.8465372907153729,0.8489297226504557,0.8489297226504559,26280,0.9666666666666667,0.9657142857142856,30
no_raw_stats,noise,0.0,0,0.9332952815829528,0.9299708118876714,0.9299708118876715,26280,0.9666666666666667,0.9657142857142856,30
no_raw_stats,noise,0.01,0,0.931544901065449,0.9279856992178139,0.9279856992178138,26280,0.9666666666666667,0.9657142857142856,30
no_raw_stats,noise,0.01,1,0.931544901065449,0.9279614448549733,0.9279614448549733,26280,0.9666666666666667,0.9657142857142856,30
no_raw_stats,noise,0.01,2,0.931392694063927,0.9277984855693798,0.92779848556938,26280,0.9666666666666667,0.9657142857142856,30
no_raw_stats,noise,0.02,0,0.9286529680365296,0.9245848147864726,0.9245848147864725,26280,0.9666666666666667,0.9657142857142856,30
no_raw_stats,noise,0.02,1,0.9285388127853881,0.9244706548765633,0.9244706548765632,26280,0.9666666666666667,0.9657142857142856,30
no_raw_stats,noise,0.02,2,0.9277397260273973,0.9235696433800408,0.9235696433800409,26280,0.9666666666666667,0.9657142857142856,30
no_raw_stats,noise,0.05,0,0.9104642313546423,0.9043181363127106,0.9043181363127105,26280,0.9666666666666667,0.9657142857142856,30
no_raw_stats,noise,0.05,1,0.9105403348554033,0.9042281088682582,0.9042281088682583,26280,0.9666666666666667,0.9657142857142856,30
no_raw_stats,noise,0.05,2,0.9103881278538812,0.9040152143456718,0.9040152143456718,26280,0.9666666666666667,0.9657142857142856,30
no_raw_stats,noise,0.08,0,0.8688736681887367,0.8609434824937257,0.8609434824937257,26280,0.9333333333333333,0.925,30
no_raw_stats,noise,0.08,1,0.8675418569254185,0.8594362885672011,0.859436288567201,26280,0.9333333333333333,0.925,30
no_raw_stats,noise,0.08,2,0.8689497716894977,0.8611595257611876,0.8611595257611878,26280,0.9333333333333333,0.925,30
no_raw_stats,noise,0.1,0,0.8258371385083714,0.8127674475698263,0.8127674475698263,26280,0.8333333333333334,0.8045454545454545,30
no_raw_stats,noise,0.1,1,0.8254566210045662,0.8123204208999804,0.8123204208999804,26280,0.8333333333333334,0.8045454545454545,30
no_raw_stats,noise,0.1,2,0.825152207001522,0.812100551218785,0.812100551218785,26280,0.8,0.7702597402597402,30
no_raw_stats,clutter,0.0,0,0.9332952815829528,0.9299708118876714,0.9299708118876715,26280,0.9666666666666667,0.9657142857142856,30
no_raw_stats,clutter,0.1,0,0.21796042617960426,0.13727139189125528,0.13727139189125528,26280,0.2,0.12,30
no_raw_stats,clutter,0.1,1,0.216324200913242,0.13578260017350965,0.13578260017350965,26280,0.2,0.12,30
no_raw_stats,clutter,0.1,2,0.21769406392694063,0.13853645449260443,0.13853645449260443,26280,0.2,0.12,30
no_raw_stats,clutter,0.2,0,0.1141552511415525,0.04272516631095731,0.04272516631095731,26280,0.1,0.01818181818181818,30
no_raw_stats,clutter,0.2,1,0.11506849315068493,0.04407166920750137,0.044071669207501364,26280,0.1,0.01818181818181818,30
no_raw_stats,clutter,0.2,2,0.1147640791476408,0.04371920596062736,0.04371920596062736,26280,0.1,0.01818181818181818,30
no_raw_stats,clutter,0.4,0,0.1,0.01818181818181818,0.01818181818181818,26280,0.1,0.01818181818181818,30
no_raw_stats,clutter,0.4,1,0.1,0.01818181818181818,0.01818181818181818,26280,0.1,0.01818181818181818,30
no_raw_stats,clutter,0.4,2,0.1,0.01818181818181818,0.01818181818181818,26280,0.1,0.01818181818181818,30
no_raw_stats,clutter,0.6,0,0.1,0.01818181818181818,0.01818181818181818,26280,0.1,0.01818181818181818,30
no_raw_stats,clutter,0.6,1,0.1,0.01818181818181818,0.01818181818181818,26280,0.1,0.01818181818181818,30
no_raw_stats,clutter,0.6,2,0.1,0.01818181818181818,0.01818181818181818,26280,0.1,0.01818181818181818,30
no_raw_stats,clutter,0.8,0,0.1,0.01818181818181818,0.01818181818181818,26280,0.1,0.01818181818181818,30
no_raw_stats,clutter,0.8,1,0.1,0.01818181818181818,0.01818181818181818,26280,0.1,0.01818181818181818,30
no_raw_stats,clutter,0.8,2,0.1,0.01818181818181818,0.01818181818181818,26280,0.1,0.01818181818181818,30
max_only,missing,0.0,0,0.8850076103500761,0.8863023403264643,0.8863023403264642,26280,0.9666666666666667,0.9657142857142856,30
max_only,missing,0.1,0,0.8743150684931507,0.8741294063759076,0.8741294063759076,26280,0.9666666666666667,0.9657142857142856,30
max_only,missing,0.1,1,0.8740867579908675,0.8739531620134201,0.8739531620134201,26280,0.9666666666666667,0.9657142857142856,30
max_only,missing,0.1,2,0.8748858447488584,0.8746510173921713,0.8746510173921713,26280,0.9666666666666667,0.9657142857142856,30
max_only,missing,0.2,0,0.8592085235920852,0.8562765348719383,0.8562765348719383,26280,0.9666666666666667,0.9657142857142856,30
max_only,missing,0.2,1,0.8576103500761035,0.8544633252301447,0.8544633252301447,26280,0.9666666666666667,0.9657142857142856,30
max_only,missing,0.2,2,0.858675799086758,0.855805629839472,0.8558056298394721,26280,0.9666666666666667,0.9657142857142856,30
max_only,missing,0.3,0,0.842427701674277,0.8346999901326146,0.8346999901326148,26280,0.8666666666666667,0.86,30
max_only,missing,0.3,1,0.8421613394216134,0.8343891153768407,0.8343891153768406,26280,0.8666666666666667,0.86,30
max_only,missing,0.3,2,0.8408295281582953,0.8324404320153619,0.8324404320153618,26280,0.8666666666666667,0.86,30
max_only,missing,0.4,0,0.8176940639269407,0.7999603806686254,0.7999603806686254,26280,0.8666666666666667,0.86,30
max_only,missing,0.4,1,0.8196727549467275,0.8019587823298051,0.8019587823298052,26280,0.8666666666666667,0.8523809523809524,30
max_only,missing,0.4,2,0.8195205479452055,0.8022288369938695,0.8022288369938694,26280,0.8666666666666667,0.86,30
max_only,missing,0.5,0,0.7938736681887367,0.7606487325905987,0.7606487325905988,26280,0.8,0.7314285714285714,30
max_only,missing,0.5,1,0.795662100456621,0.7625299814812929,0.7625299814812928,26280,0.8,0.7314285714285714,30
max_only,missing,0.5,2,0.7954718417047184,0.762494219865231,0.762494219865231,26280,0.8,0.7314285714285714,30
max_only,missing,0.6,0,0.7712328767123288,0.7180749294221774,0.7180749294221774,26280,0.8,0.7273809523809524,30
max_only,missing,0.6,1,0.7695205479452055,0.7166175688298566,0.7166175688298564,26280,0.8,0.7273809523809524,30
max_only,missing,0.6,2,0.7713470319634703,0.7186017319946176,0.7186017319946175,26280,0.8,0.7273809523809524,30
max_only,missing,0.7,0,0.7449771689497717,0.6800473575259742,0.6800473575259741,26280,0.8,0.7402597402597402,30
max_only,missing,0.7,1,0.7454337899543378,0.6806959912054491,0.6806959912054491,26280,0.8,0.7314285714285714,30
max_only,missing,0.7,2,0.7449010654490107,0.6800757032273279,0.6800757032273278,26280,0.8,0.7314285714285714,30
max_only,noise,0.0,0,0.8850076103500761,0.8863023403264643,0.8863023403264642,26280,0.9666666666666667,0.9657142857142856,30
max_only,noise,0.01,0,0.8885844748858448,0.8898744971941369,0.8898744971941369,26280,1.0,1.0,30
max_only,noise,0.01,1,0.8875570776255708,0.888808348518066,0.888808348518066,26280,1.0,1.0,30
max_only,noise,0.01,2,0.8879756468797565,0.8890252476016267,0.8890252476016266,26280,1.0,1.0,30
max_only,noise,0.02,0,0.8945205479452055,0.8955317155510025,0.8955317155510026,26280,1.0,1.0,30
max_only,noise,0.02,1,0.8939878234398783,0.8948727727969812,0.8948727727969812,26280,1.0,1.0,30
max_only,noise,0.02,2,0.8938356164383562,0.8946332035539332,0.8946332035539333,26280,1.0,1.0,30
max_only,noise,0.05,0,0.9155251141552512,0.9146050419879366,0.9146050419879366,26280,1.0,1.0,30
max_only,noise,0.05,1,0.9143835616438356,0.9135369907673672,0.9135369907673672,26280,1.0,1.0,30
max_only,noise,0.05,2,0.914117199391172,0.9130155732431733,0.9130155732431733,26280,1.0,1.0,30
max_only,noise,0.08,0,0.8999619482496195,0.8971260739618099,0.8971260739618099,26280,1.0,1.0,30
max_only,noise,0.08,1,0.902283105022831,0.8996549935184749,0.8996549935184749,26280,1.0,1.0,30
max_only,noise,0.08,2,0.9001141552511416,0.8972019662858705,0.8972019662858705,26280,1.0,1.0,30
max_only,noise,0.1,0,0.8592846270928463,0.8514420670839634,0.8514420670839633,26280,0.9333333333333333,0.925,30
max_only,noise,0.1,1,0.8593226788432268,0.8514539951235964,0.8514539951235963,26280,0.9666666666666667,0.9657142857142859,30
max_only,noise,0.1,2,0.8595890410958904,0.8521224450877426,0.8521224450877425,26280,0.9666666666666667,0.9657142857142859,30
max_only,clutter,0.0,0,0.8850076103500761,0.8863023403264643,0.8863023403264642,26280,0.9666666666666667,0.9657142857142856,30
max_only,clutter,0.1,0,0.22579908675799087,0.1279638606385977,0.12796386063859766,26280,0.2,0.08888888888888888,30
max_only,clutter,0.1,1,0.22488584474885845,0.126586741123563,0.12658674112356302,26280,0.2,0.08888888888888888,30
max_only,clutter,0.1,2,0.22473363774733637,0.126212169323781,0.126212169323781,26280,0.2,0.08888888888888888,30
max_only,clutter,0.2,0,0.1667427701674277,0.08086213490846036,0.08086213490846034,26280,0.2,0.08888888888888888,30
max_only,clutter,0.2,1,0.16727549467275496,0.08089304827995138,0.08089304827995136,26280,0.16666666666666666,0.07142857142857142,30
max_only,clutter,0.2,2,0.16491628614916287,0.07906929678596245,0.07906929678596245,26280,0.16666666666666666,0.07142857142857142,30
max_only,clutter,0.4,0,0.10947488584474886,0.033430805131712024,0.03343080513171202,26280,0.1,0.01818181818181818,30
max_only,clutter,0.4,1,0.10924657534246575,0.03305654665991128,0.03305654665991128,26280,0.1,0.01818181818181818,30
max_only,clutter,0.4,2,0.10901826484018265,0.03272607860435726,0.03272607860435725,26280,0.1,0.01818181818181818,30
max_only,clutter,0.6,0,0.10095129375951294,0.020076608548358778,0.020076608548358778,26280,0.1,0.01818181818181818,30
max_only,clutter,0.6,1,0.10079908675799087,0.019787043752955952,0.01978704375295595,26280,0.1,0.01818181818181818,30
max_only,clutter,0.6,2,0.10068493150684932,0.019571876635472975,0.019571876635472975,26280,0.1,0.01818181818181818,30
max_only,clutter,0.8,0,0.1,0.01819377617778393,0.01819377617778393,26280,0.1,0.01818181818181818,30
max_only,clutter,0.8,1,0.10003805175038052,0.018269333412389146,0.018269333412389146,26280,0.1,0.01818181818181818,30
max_only,clutter,0.8,2,0.1,0.01819314641744548,0.01819314641744548,26280,0.1,0.01818181818181818,30
first_order_motion,missing,0.0,0,0.9808219178082191,0.9807166568379755,0.9807166568379754,26280,1.0,1.0,30
first_order_motion,missing,0.1,0,0.9804033485540334,0.9802977853260403,0.9802977853260404,26280,1.0,1.0,30
first_order_motion,missing,0.1,1,0.9802891933028919,0.9801822747546716,0.9801822747546715,26280,1.0,1.0,30
first_order_motion,missing,0.1,2,0.9807838660578386,0.9806840160373745,0.9806840160373744,26280,1.0,1.0,30
first_order_motion,missing,0.2,0,0.9790334855403349,0.97891762345863,0.9789176234586299,26280,1.0,1.0,30
first_order_motion,missing,0.2,1,0.9791476407914764,0.9790249027573468,0.9790249027573468,26280,1.0,1.0,30
first_order_motion,missing,0.2,2,0.9794140030441401,0.9793129548141775,0.9793129548141775,26280,1.0,1.0,30
first_order_motion,missing,0.3,0,0.9764840182648402,0.9763420290017206,0.9763420290017207,26280,1.0,1.0,30
first_order_motion,missing,0.3,1,0.977054794520548,0.9769368970444214,0.9769368970444212,26280,1.0,1.0,30
first_order_motion,missing,0.3,2,0.9775114155251141,0.9773941832746784,0.9773941832746784,26280,1.0,1.0,30
first_order_motion,missing,0.4,0,0.9740106544901066,0.973841266413989,0.9738412664139888,26280,1.0,1.0,30
first_order_motion,missing,0.4,1,0.9739345509893456,0.9737825788097247,0.9737825788097245,26280,1.0,1.0,30
first_order_motion,missing,0.4,2,0.9756849315068493,0.9755378937251467,0.9755378937251467,26280,1.0,1.0,30
first_order_motion,missing,0.5,0,0.9701674277016743,0.9699868731442536,0.9699868731442536,26280,1.0,1.0,30
first_order_motion,missing,0.5,1,0.9701293759512938,0.9699446066473204,0.9699446066473203,26280,1.0,1.0,30
first_order_motion,missing,0.5,2,0.9694063926940639,0.9692218125294396,0.9692218125294396,26280,1.0,1.0,30
first_order_motion,missing,0.6,0,0.9592846270928462,0.9591151205473925,0.9591151205473922,26280,1.0,1.0,30
first_order_motion,missing,0.6,1,0.9584855403348554,0.958271029694344,0.958271029694344,26280,1.0,1.0,30
first_order_motion,missing,0.6,2,0.9593607305936073,0.959172016989568,0.9591720169895679,26280,1.0,1.0,30
first_order_motion,missing,0.7,0,0.9321917808219178,0.9320891555848985,0.9320891555848986,26280,1.0,1.0,30
first_order_motion,missing,0.7,1,0.9321917808219178,0.9320504928878997,0.9320504928878997,26280,1.0,1.0,30
first_order_motion,missing,0.7,2,0.9308599695585997,0.9307234797789455,0.9307234797789455,26280,1.0,1.0,30
first_order_motion,noise,0.0,0,0.9808219178082191,0.9807166568379755,0.9807166568379754,26280,1.0,1.0,30
first_order_motion,noise,0.01,0,0.9807458143074581,0.9806387760987361,0.9806387760987362,26280,1.0,1.0,30
first_order_motion,noise,0.01,1,0.9810121765601217,0.9809069462663539,0.980906946266354,26280,1.0,1.0,30
first_order_motion,noise,0.01,2,0.9808980213089802,0.9807985646697996,0.9807985646697996,26280,1.0,1.0,30
first_order_motion,noise,0.02,0,0.980441400304414,0.9803236885806594,0.9803236885806592,26280,1.0,1.0,30
first_order_motion,noise,0.02,1,0.9808980213089802,0.9807898826521733,0.980789882652173,26280,1.0,1.0,30
first_order_motion,noise,0.02,2,0.9801750380517504,0.9800570358907066,0.9800570358907065,26280,1.0,1.0,30
first_order_motion,noise,0.05,0,0.9757610350076104,0.9755608519707032,0.975560851970703,26280,1.0,1.0,30
first_order_motion,noise,0.05,1,0.9756849315068493,0.975486690930016,0.9754866909300159,26280,1.0,1.0,30
first_order_motion,noise,0.05,2,0.9758751902587519,0.9756833598702773,0.9756833598702772,26280,1.0,1.0,30
first_order_motion,noise,0.08,0,0.9556316590563166,0.9547349708550776,0.9547349708550776,26280,1.0,1.0,30
first_order_motion,noise,0.08,1,0.9560121765601217,0.9551630990489179,0.9551630990489179,26280,1.0,1.0,30
first_order_motion,noise,0.08,2,0.95662100456621,0.9558194745288218,0.9558194745288217,26280,1.0,1.0,30
first_order_motion,noise,0.1,0,0.9270167427701674,0.9229848907365632,0.9229848907365634,26280,0.9666666666666667,0.9657142857142859,30
first_order_motion,noise,0.1,1,0.9260273972602739,0.9218713323640426,0.9218713323640425,26280,0.9666666666666667,0.9657142857142859,30
first_order_motion,noise,0.1,2,0.9257990867579908,0.9215948556934356,0.9215948556934356,26280,0.9666666666666667,0.9657142857142859,30
first_order_motion,clutter,0.0,0,0.9808219178082191,0.9807166568379755,0.9807166568379754,26280,1.0,1.0,30
first_order_motion,clutter,0.1,0,0.2971461187214612,0.21187814117215295,0.21187814117215298,26280,0.3,0.22222222222222224,30
first_order_motion,clutter,0.1,1,0.2975646879756469,0.21249090523172137,0.21249090523172137,26280,0.3,0.22222222222222224,30
first_order_motion,clutter,0.1,2,0.29691780821917807,0.21186162282209847,0.21186162282209844,26280,0.3,0.22222222222222224,30
first_order_motion,clutter,0.2,0,0.2732115677321157,0.19468809958724848,0.19468809958724848,26280,0.3,0.22222222222222224,30
first_order_motion,clutter,0.2,1,0.2737823439878234,0.19539321777253166,0.19539321777253166,26280,0.3,0.22222222222222224,30
first_order_motion,clutter,0.2,2,0.27355403348554036,0.19425001626111954,0.19425001626111954,26280,0.3,0.22222222222222224,30
first_order_motion,clutter,0.4,0,0.2420091324200913,0.1687599816199082,0.1687599816199082,26280,0.23333333333333334,0.1706896551724138,30
first_order_motion,clutter,0.4,1,0.2404109589041096,0.1667605303640171,0.1667605303640171,26280,0.23333333333333334,0.1706896551724138,30
first_order_motion,clutter,0.4,2,0.2408675799086758,0.1671640035896648,0.1671640035896648,26280,0.23333333333333334,0.1706896551724138,30
first_order_motion,clutter,0.6,0,0.2232876712328767,0.14792344041581312,0.14792344041581315,26280,0.2,0.12,30
first_order_motion,clutter,0.6,1,0.22355403348554034,0.14807962738992891,0.14807962738992891,26280,0.2,0.12,30
first_order_motion,clutter,0.6,2,0.22290715372907155,0.14769948350617296,0.14769948350617298,26280,0.2,0.12,30
first_order_motion,clutter,0.8,0,0.21069254185692543,0.13100515983934363,0.13100515983934363,26280,0.2,0.12,30
first_order_motion,clutter,0.8,1,0.21073059360730595,0.13171678000284298,0.13171678000284298,26280,0.2,0.12,30
first_order_motion,clutter,0.8,2,0.21198630136986302,0.133704190939807,0.133704190939807,26280,0.2,0.12,30
