fold,method,params,sample_accuracy,sample_count,sample_macro_f1,sample_weighted_f1,seconds,test_subjects,train_subjects,trial_accuracy,trial_count,trial_macro_f1,trial_weighted_f1,val_subjects
loso_test_p1_val_p2,stats_svm,0,0.47378234398782343,26280,0.471257154187062,0.47125715418706204,220.32,p1,"p3,p4,p5,p6,p7",0.5333333333333333,30,0.5195238095238095,0.5195238095238096,p2
loso_test_p1_val_p2,stats_rf,0,0.4270928462709285,26280,0.3655112065310492,0.3655112065310492,210.45,p1,"p3,p4,p5,p6,p7",0.4,30,0.3017532467532468,0.3017532467532468,p2
loso_test_p1_val_p2,stats_knn,0,0.4235540334855403,26280,0.3571162801732971,0.35711628017329716,197.14,p1,"p3,p4,p5,p6,p7",0.43333333333333335,30,0.3383333333333333,0.3383333333333333,p2
loso_test_p1_val_p2,pointnet_gru,292875,0.505593607305936,26280,0.42405019052239634,0.4240501905223963,1602.33,p1,"p3,p4,p5,p6,p7",0.5666666666666667,30,0.4609523809523809,0.46095238095238095,p2
loso_test_p1_val_p2,pointnet_tcn,120075,0.5642313546423136,26280,0.5064937832317961,0.5064937832317961,1600.06,p1,"p3,p4,p5,p6,p7",0.5666666666666667,30,0.49023809523809525,0.4902380952380952,p2
loso_test_p1_val_p2,robhar_like,209963,0.4888888888888889,26280,0.4170579514378897,0.4170579514378898,1618.45,p1,"p3,p4,p5,p6,p7",0.5333333333333333,30,0.45901098901098897,0.459010989010989,p2
loso_test_p1_val_p2,pct_gru,533003,0.5001902587519026,26280,0.44217359207395646,0.4421735920739564,3091.72,p1,"p3,p4,p5,p6,p7",0.5666666666666667,30,0.49071428571428577,0.4907142857142857,p2
loso_test_p1_val_p2,dgcnn_gru,301067,0.5146879756468797,26280,0.436599621596765,0.43659962159676496,5089.65,p1,"p3,p4,p5,p6,p7",0.5,30,0.41883116883116883,0.41883116883116883,p2
loso_test_p1_val_p2,radar_stnet,813947,0.6359969558599695,26280,0.5761294878378462,0.5761294878378462,2297.38,p1,"p3,p4,p5,p6,p7",0.6666666666666666,30,0.5654761904761905,0.5654761904761905,p2
loso_test_p2_val_p3,stats_svm,0,0.4917427701674277,26280,0.4531966856822656,0.45319668568226557,223.46,p2,"p1,p4,p5,p6,p7",0.5666666666666667,30,0.5169264069264069,0.5169264069264069,p3
loso_test_p2_val_p3,stats_rf,0,0.5722983257229832,26280,0.5151939088928412,0.5151939088928413,211.4,p2,"p1,p4,p5,p6,p7",0.6,30,0.5166666666666666,0.5166666666666667,p3
loso_test_p2_val_p3,stats_knn,0,0.47420091324200914,26280,0.45644947058481755,0.45644947058481755,223.17,p2,"p1,p4,p5,p6,p7",0.6333333333333333,30,0.5726406926406927,0.5726406926406926,p3
loso_test_p2_val_p3,pointnet_gru,292875,0.7530060882800609,26280,0.7331877019222486,0.7331877019222485,1620.83,p2,"p1,p4,p5,p6,p7",0.8333333333333334,30,0.7916666666666666,0.7916666666666666,p3
loso_test_p2_val_p3,pointnet_tcn,120075,0.840220700152207,26280,0.8355377881384832,0.8355377881384833,1719.98,p2,"p1,p4,p5,p6,p7",0.9333333333333333,30,0.925,0.925,p3
loso_test_p2_val_p3,robhar_like,209963,0.6294520547945206,26280,0.5662582096639053,0.566258209663905,1721.91,p2,"p1,p4,p5,p6,p7",0.6666666666666666,30,0.5733333333333334,0.5733333333333334,p3
loso_test_p2_val_p3,pct_gru,533003,0.6415525114155252,26280,0.6002972989748004,0.6002972989748003,3135.28,p2,"p1,p4,p5,p6,p7",0.7,30,0.628095238095238,0.628095238095238,p3
loso_test_p2_val_p3,dgcnn_gru,301067,0.8163622526636225,26280,0.7832168174884101,0.7832168174884101,5143.12,p2,"p1,p4,p5,p6,p7",0.8666666666666667,30,0.8323809523809522,0.8323809523809523,p3
loso_test_p2_val_p3,radar_stnet,813947,0.9139649923896499,26280,0.9129268464915338,0.9129268464915339,2025.96,p2,"p1,p4,p5,p6,p7",1.0,30,1.0,1.0,p3
loso_test_p3_val_p4,stats_svm,0,0.543531202435312,26280,0.49486808224337164,0.49486808224337153,222.32,p3,"p1,p2,p5,p6,p7",0.6,30,0.5419047619047619,0.541904761904762,p4
loso_test_p3_val_p4,stats_rf,0,0.39984779299847795,26280,0.29540856600736054,0.29540856600736054,209.97,p3,"p1,p2,p5,p6,p7",0.36666666666666664,30,0.23285714285714282,0.23285714285714285,p4
loso_test_p3_val_p4,stats_knn,0,0.3263318112633181,26280,0.23135543769733063,0.2313554376973306,219.88,p3,"p1,p2,p5,p6,p7",0.3,30,0.17529411764705882,0.17529411764705882,p4
loso_test_p3_val_p4,pointnet_gru,292875,0.6500380517503805,26280,0.5897162254096904,0.5897162254096904,1613.21,p3,"p1,p2,p5,p6,p7",0.6666666666666666,30,0.6002597402597403,0.6002597402597403,p4
loso_test_p3_val_p4,pointnet_tcn,120075,0.8340182648401826,26280,0.8007859209675701,0.8007859209675702,1591.44,p3,"p1,p2,p5,p6,p7",0.9,30,0.8666666666666666,0.8666666666666667,p4
loso_test_p3_val_p4,robhar_like,209963,0.5488584474885845,26280,0.4595494142391926,0.45954941423919254,1602.71,p3,"p1,p2,p5,p6,p7",0.6,30,0.5,0.5,p4
loso_test_p3_val_p4,pct_gru,533003,0.6066971080669711,26280,0.5401223945194346,0.5401223945194347,3053.51,p3,"p1,p2,p5,p6,p7",0.6666666666666666,30,0.6057142857142856,0.6057142857142856,p4
loso_test_p3_val_p4,dgcnn_gru,301067,0.6343226788432268,26280,0.5741637241236919,0.574163724123692,5111.4,p3,"p1,p2,p5,p6,p7",0.7,30,0.625,0.625,p4
loso_test_p3_val_p4,radar_stnet,813947,0.7183789954337899,26280,0.6678382898930673,0.6678382898930674,2105.45,p3,"p1,p2,p5,p6,p7",0.8,30,0.735,0.735,p4
loso_test_p4_val_p5,stats_svm,0,0.4290334855403349,26280,0.3292116649708621,0.3292116649708622,224.65,p4,"p1,p2,p3,p6,p7",0.43333333333333335,30,0.31862745098039214,0.31862745098039214,p5
loso_test_p4_val_p5,stats_rf,0,0.4650304414003044,26280,0.38990638881835826,0.38990638881835826,209.75,p4,"p1,p2,p3,p6,p7",0.4666666666666667,30,0.3785714285714286,0.3785714285714286,p5
loso_test_p4_val_p5,stats_knn,0,0.46293759512937593,26280,0.4032653792385362,0.40326537923853617,220.86,p4,"p1,p2,p3,p6,p7",0.5333333333333333,30,0.4416666666666666,0.44166666666666665,p5
loso_test_p4_val_p5,pointnet_gru,292875,0.5569254185692541,26280,0.4835034183146257,0.4835034183146258,1587.01,p4,"p1,p2,p3,p6,p7",0.6333333333333333,30,0.5416666666666666,0.5416666666666666,p5
loso_test_p4_val_p5,pointnet_tcn,120075,0.6917808219178082,26280,0.6609822715613067,0.6609822715613067,1600.04,p4,"p1,p2,p3,p6,p7",0.7333333333333333,30,0.6823809523809524,0.6823809523809524,p5
loso_test_p4_val_p5,robhar_like,209963,0.5950152207001522,26280,0.488220729474497,0.488220729474497,1585.34,p4,"p1,p2,p3,p6,p7",0.6,30,0.4833333333333333,0.48333333333333334,p5
loso_test_p4_val_p5,pct_gru,533003,0.42100456621004567,26280,0.3077117015124167,0.3077117015124167,3056.77,p4,"p1,p2,p3,p6,p7",0.4,30,0.26666666666666666,0.26666666666666666,p5
loso_test_p4_val_p5,dgcnn_gru,301067,0.6733257229832572,26280,0.6181872709598201,0.6181872709598202,5094.23,p4,"p1,p2,p3,p6,p7",0.7,30,0.6257142857142857,0.6257142857142858,p5
loso_test_p4_val_p5,radar_stnet,813947,0.7359969558599696,26280,0.6923062660672386,0.6923062660672384,2371.87,p4,"p1,p2,p3,p6,p7",0.7666666666666667,30,0.7066666666666667,0.7066666666666667,p5
loso_test_p5_val_p6,stats_svm,0,0.7631659056316591,26280,0.718156801302946,0.718156801302946,229.66,p5,"p1,p2,p3,p4,p7",0.8,30,0.75,0.75,p6
loso_test_p5_val_p6,stats_rf,0,0.6866818873668189,26280,0.6323241446851984,0.6323241446851985,215.69,p5,"p1,p2,p3,p4,p7",0.7,30,0.6166666666666666,0.6166666666666667,p6
loso_test_p5_val_p6,stats_knn,0,0.6229071537290716,26280,0.5880439749420117,0.5880439749420117,226.57,p5,"p1,p2,p3,p4,p7",0.7,30,0.6166666666666666,0.6166666666666667,p6
loso_test_p5_val_p6,pointnet_gru,292875,0.7767123287671233,26280,0.7487113951187954,0.7487113951187954,1654.09,p5,"p1,p2,p3,p4,p7",0.7666666666666667,30,0.7066666666666667,0.7066666666666668,p6
loso_test_p5_val_p6,pointnet_tcn,120075,0.8784627092846271,26280,0.8571263242443266,0.8571263242443266,1629.05,p5,"p1,p2,p3,p4,p7",0.9,30,0.8666666666666666,0.8666666666666667,p6
loso_test_p5_val_p6,robhar_like,209963,0.7527016742770167,26280,0.7374243655253342,0.737424365525334,1640.31,p5,"p1,p2,p3,p4,p7",0.8,30,0.7633333333333333,0.7633333333333333,p6
loso_test_p5_val_p6,pct_gru,533003,0.8406392694063927,26280,0.8345354772559098,0.83453547725591,3059.17,p5,"p1,p2,p3,p4,p7",0.9333333333333333,30,0.925,0.925,p6
loso_test_p5_val_p6,dgcnn_gru,301067,0.8220700152207001,26280,0.8237924062939067,0.8237924062939066,5058.33,p5,"p1,p2,p3,p4,p7",0.9,30,0.8966666666666667,0.8966666666666666,p6
loso_test_p5_val_p6,radar_stnet,813947,0.9570776255707762,26280,0.9558828665839805,0.9558828665839805,2287.24,p5,"p1,p2,p3,p4,p7",1.0,30,1.0,1.0,p6
loso_test_p6_val_p7,stats_svm,0,0.6892313546423136,26280,0.6493218667598348,0.6493218667598349,224.48,p6,"p1,p2,p3,p4,p5",0.7666666666666667,30,0.7157142857142856,0.7157142857142857,p7
loso_test_p6_val_p7,stats_rf,0,0.6341324200913242,26280,0.5612905708665793,0.5612905708665793,210.95,p6,"p1,p2,p3,p4,p5",0.6333333333333333,30,0.5416666666666666,0.5416666666666666,p7
loso_test_p6_val_p7,stats_knn,0,0.642351598173516,26280,0.5902235184247349,0.5902235184247349,221.15,p6,"p1,p2,p3,p4,p5",0.7,30,0.6407142857142857,0.6407142857142857,p7
loso_test_p6_val_p7,pointnet_gru,292875,0.8931887366818874,26280,0.861433413256316,0.8614334132563163,1637.18,p6,"p1,p2,p3,p4,p5",0.9,30,0.8666666666666666,0.8666666666666667,p7
loso_test_p6_val_p7,pointnet_tcn,120075,0.8992389649923896,26280,0.8656057182842698,0.8656057182842699,1658.09,p6,"p1,p2,p3,p4,p5",0.9,30,0.8666666666666666,0.8666666666666667,p7
loso_test_p6_val_p7,robhar_like,209963,0.8985920852359208,26280,0.8625405928245954,0.8625405928245954,1638.54,p6,"p1,p2,p3,p4,p5",0.9,30,0.8666666666666666,0.8666666666666667,p7
loso_test_p6_val_p7,pct_gru,533003,0.8869482496194825,26280,0.8541839893865397,0.8541839893865399,3173.6,p6,"p1,p2,p3,p4,p5",0.9,30,0.8666666666666666,0.8666666666666667,p7
loso_test_p6_val_p7,dgcnn_gru,301067,0.8473744292237443,26280,0.8249347064248296,0.8249347064248295,5204.4,p6,"p1,p2,p3,p4,p5",0.9,30,0.8607142857142858,0.8607142857142857,p7
loso_test_p6_val_p7,radar_stnet,813947,0.9974885844748859,26280,0.9974850016008181,0.9974850016008181,2299.19,p6,"p1,p2,p3,p4,p5",1.0,30,1.0,1.0,p7
loso_test_p7_val_p1,stats_svm,0,0.6376712328767123,26280,0.560947542755485,0.560947542755485,224.33,p7,"p2,p3,p4,p5,p6",0.6666666666666666,30,0.565,0.565,p1
loso_test_p7_val_p1,stats_rf,0,0.42404870624048707,26280,0.3016982443967228,0.3016982443967228,214.86,p7,"p2,p3,p4,p5,p6",0.4,30,0.25,0.25,p1
loso_test_p7_val_p1,stats_knn,0,0.4661339421613394,26280,0.4095257010364189,0.40952570103641883,226.67,p7,"p2,p3,p4,p5,p6",0.4666666666666667,30,0.3773809523809524,0.3773809523809524,p1
loso_test_p7_val_p1,pointnet_gru,292875,0.617351598173516,26280,0.5760220978904615,0.5760220978904614,1687.42,p7,"p2,p3,p4,p5,p6",0.6666666666666666,30,0.5928205128205127,0.5928205128205128,p1
loso_test_p7_val_p1,pointnet_tcn,120075,0.6621765601217656,26280,0.6541542073940536,0.6541542073940536,1685.6,p7,"p2,p3,p4,p5,p6",0.7,30,0.6402597402597402,0.6402597402597403,p1
loso_test_p7_val_p1,robhar_like,209963,0.5584474885844749,26280,0.47767593618049525,0.47767593618049536,1684.47,p7,"p2,p3,p4,p5,p6",0.5666666666666667,30,0.4595454545454546,0.4595454545454546,p1
loso_test_p7_val_p1,pct_gru,533003,0.4893074581430746,26280,0.4307207726531965,0.4307207726531966,3126.85,p7,"p2,p3,p4,p5,p6",0.5666666666666667,30,0.4800000000000001,0.4800000000000001,p1
loso_test_p7_val_p1,dgcnn_gru,301067,0.7050228310502283,26280,0.657027398286537,0.657027398286537,5173.15,p7,"p2,p3,p4,p5,p6",0.8,30,0.7333333333333333,0.7333333333333333,p1
loso_test_p7_val_p1,radar_stnet,813947,0.6316971080669711,26280,0.5943669485215392,0.5943669485215392,2228.09,p7,"p2,p3,p4,p5,p6",0.6333333333333333,30,0.5595238095238095,0.5595238095238095,p1
